我在马路边捡到一分钱,1
何事秋风悲画扇,0
丽丽元上草,0
华中科技大学,1
武汉理工大学,1
我在马路边捡到一分钱,1
何事秋风悲画扇,0
丽丽元上草,0
华中科技大学,1
武汉理工大学,1
我在马路边捡到一分钱,1
何事秋风悲画扇,0
丽丽元上草,0
华中科技大学,1
武汉理工大学,1
我在马路边捡到一分钱,1
何事秋风悲画扇,0
丽丽元上草,0
华中科技大学,1
武汉理工大学,1
我在马路边捡到一分钱,1
何事秋风悲画扇,0
丽丽元上草,0
华中科技大学,1
武汉理工大学,1
我在马路边捡到一分钱,1
何事秋风悲画扇,0
丽丽元上草,0
华中科技大学,1
武汉理工大学,1
我在马路边捡到一分钱,1
何事秋风悲画扇,0
丽丽元上草,0
华中科技大学,1
武汉理工大学,1
我在马路边捡到一分钱,1
何事秋风悲画扇,0
丽丽元上草,0
华中科技大学,1
武汉理工大学,1
我在马路边捡到一分钱,1
何事秋风悲画扇,0
丽丽元上草,0
华中科技大学,1
武汉理工大学,1
我在马路边捡到一分钱,1
何事秋风悲画扇,0
丽丽元上草,0
华中科技大学,1
武汉理工大学,1
我在马路边捡到一分钱,1
何事秋风悲画扇,0
丽丽元上草,0
华中科技大学,1
武汉理工大学,1
我在马路边捡到一分钱,1
何事秋风悲画扇,0
丽丽元上草,0
华中科技大学,1
武汉理工大学,1
我在马路边捡到一分钱,1
何事秋风悲画扇,0
丽丽元上草,0
华中科技大学,1
武汉理工大学,1
我在马路边捡到一分钱,1
何事秋风悲画扇,0
丽丽元上草,0
华中科技大学,1
武汉理工大学,1
我在马路边捡到一分钱,1
何事秋风悲画扇,0
丽丽元上草,0
华中科技大学,1
武汉理工大学,1
我在马路边捡到一分钱,1
何事秋风悲画扇,0
丽丽元上草,0
华中科技大学,1
武汉理工大学,1
我在马路边捡到一分钱,1
何事秋风悲画扇,0
丽丽元上草,0
华中科技大学,1
武汉理工大学,1
我在马路边捡到一分钱,1
何事秋风悲画扇,0
丽丽元上草,0
华中科技大学,1
武汉理工大学,1
我在马路边捡到一分钱,1
何事秋风悲画扇,0
丽丽元上草,0
华中科技大学,1
武汉理工大学,1
我在马路边捡到一分钱,1
何事秋风悲画扇,0
丽丽元上草,0
华中科技大学,1
武汉理工大学,1
我在马路边捡到一分钱,1
何事秋风悲画扇,0
丽丽元上草,0
华中科技大学,1
武汉理工大学,1
我在马路边捡到一分钱,1
何事秋风悲画扇,0
丽丽元上草,0
华中科技大学,1
武汉理工大学,1
我在马路边捡到一分钱,1
何事秋风悲画扇,0
丽丽元上草,0
华中科技大学,1
武汉理工大学,1
我在马路边捡到一分钱,1
何事秋风悲画扇,0
丽丽元上草,0
华中科技大学,1
武汉理工大学,1
我在马路边捡到一分钱,1
何事秋风悲画扇,0
丽丽元上草,0
华中科技大学,1
武汉理工大学,1
我在马路边捡到一分钱,1
何事秋风悲画扇,0
丽丽元上草,0
华中科技大学,1
武汉理工大学,1
我在马路边捡到一分钱,1
何事秋风悲画扇,0
丽丽元上草,0
华中科技大学,1
武汉理工大学,1
我在马路边捡到一分钱,1
何事秋风悲画扇,0
丽丽元上草,0
华中科技大学,1
武汉理工大学,1
我在马路边捡到一分钱,1
何事秋风悲画扇,0
丽丽元上草,0
华中科技大学,1
武汉理工大学,1
我在马路边捡到一分钱,1
何事秋风悲画扇,0
丽丽元上草,0
华中科技大学,1
武汉理工大学,1
我在马路边捡到一分钱,1
何事秋风悲画扇,0
丽丽元上草,0
华中科技大学,1
武汉理工大学,1
我在马路边捡到一分钱,1
何事秋风悲画扇,0
丽丽元上草,0
华中科技大学,1
武汉理工大学,1
我在马路边捡到一分钱,1
何事秋风悲画扇,0
丽丽元上草,0
华中科技大学,1
武汉理工大学,1
我在马路边捡到一分钱,1
何事秋风悲画扇,0
丽丽元上草,0
华中科技大学,1
武汉理工大学,1
我在马路边捡到一分钱,1
何事秋风悲画扇,0
丽丽元上草,0
华中科技大学,1
武汉理工大学,1
我在马路边捡到一分钱,1
何事秋风悲画扇,0
丽丽元上草,0
华中科技大学,1
武汉理工大学,1
我在马路边捡到一分钱,1
何事秋风悲画扇,0
丽丽元上草,0
华中科技大学,1
武汉理工大学,1
我在马路边捡到一分钱,1
何事秋风悲画扇,0
丽丽元上草,0
华中科技大学,1
武汉理工大学,1
我在马路边捡到一分钱,1
何事秋风悲画扇,0
丽丽元上草,0
华中科技大学,1
武汉理工大学,1
我在马路边捡到一分钱,1
何事秋风悲画扇,0
丽丽元上草,0
华中科技大学,1
武汉理工大学,1
我在马路边捡到一分钱,1
何事秋风悲画扇,0
丽丽元上草,0
华中科技大学,1
武汉理工大学,1
我在马路边捡到一分钱,1
何事秋风悲画扇,0
丽丽元上草,0
华中科技大学,1
武汉理工大学,1
我在马路边捡到一分钱,1
何事秋风悲画扇,0
丽丽元上草,0
华中科技大学,1
武汉理工大学,1
我在马路边捡到一分钱,1
何事秋风悲画扇,0
丽丽元上草,0
华中科技大学,1
武汉理工大学,1
我在马路边捡到一分钱,1
何事秋风悲画扇,0
丽丽元上草,0
华中科技大学,1
武汉理工大学,1
我在马路边捡到一分钱,1
何事秋风悲画扇,0
丽丽元上草,0
华中科技大学,1
武汉理工大学,1
我在马路边捡到一分钱,1
何事秋风悲画扇,0
丽丽元上草,0
华中科技大学,1
武汉理工大学,1
我在马路边捡到一分钱,1
何事秋风悲画扇,0
丽丽元上草,0
华中科技大学,1
武汉理工大学,1
我在马路边捡到一分钱,1
何事秋风悲画扇,0
丽丽元上草,0
华中科技大学,1
武汉理工大学,1
我在马路边捡到一分钱,1
何事秋风悲画扇,0
丽丽元上草,0
华中科技大学,1
武汉理工大学,1
我在马路边捡到一分钱,1
何事秋风悲画扇,0
丽丽元上草,0
华中科技大学,1
武汉理工大学,1
我在马路边捡到一分钱,1
何事秋风悲画扇,0
丽丽元上草,0
华中科技大学,1
武汉理工大学,1
我在马路边捡到一分钱,1
何事秋风悲画扇,0
丽丽元上草,0
华中科技大学,1
武汉理工大学,1
我在马路边捡到一分钱,1
何事秋风悲画扇,0
丽丽元上草,0
华中科技大学,1
武汉理工大学,1
我在马路边捡到一分钱,1
何事秋风悲画扇,0
丽丽元上草,0
华中科技大学,1
武汉理工大学,1
我在马路边捡到一分钱,1
何事秋风悲画扇,0
丽丽元上草,0
华中科技大学,1
武汉理工大学,1
我在马路边捡到一分钱,1
何事秋风悲画扇,0
丽丽元上草,0
华中科技大学,1
武汉理工大学,1
我在马路边捡到一分钱,1
何事秋风悲画扇,0
丽丽元上草,0
华中科技大学,1
武汉理工大学,1
我在马路边捡到一分钱,1
何事秋风悲画扇,0
丽丽元上草,0
华中科技大学,1
武汉理工大学,1
我在马路边捡到一分钱,1
何事秋风悲画扇,0
丽丽元上草,0
华中科技大学,1
武汉理工大学,1
我在马路边捡到一分钱,1
何事秋风悲画扇,0
丽丽元上草,0
华中科技大学,1
武汉理工大学,1
我在马路边捡到一分钱,1
何事秋风悲画扇,0
丽丽元上草,0
华中科技大学,1
武汉理工大学,1
我在马路边捡到一分钱,1
何事秋风悲画扇,0
丽丽元上草,0
华中科技大学,1
武汉理工大学,1
我在马路边捡到一分钱,1
何事秋风悲画扇,0
丽丽元上草,0
华中科技大学,1
武汉理工大学,1
我在马路边捡到一分钱,1
何事秋风悲画扇,0
丽丽元上草,0
华中科技大学,1
武汉理工大学,1
我在马路边捡到一分钱,1
何事秋风悲画扇,0
丽丽元上草,0
华中科技大学,1
武汉理工大学,1
我在马路边捡到一分钱,1
何事秋风悲画扇,0
丽丽元上草,0
华中科技大学,1
武汉理工大学,1
我在马路边捡到一分钱,1
何事秋风悲画扇,0
丽丽元上草,0
华中科技大学,1
武汉理工大学,1
我在马路边捡到一分钱,1
何事秋风悲画扇,0
丽丽元上草,0
华中科技大学,1
武汉理工大学,1
我在马路边捡到一分钱,1
何事秋风悲画扇,0
丽丽元上草,0
华中科技大学,1
武汉理工大学,1
我在马路边捡到一分钱,1
何事秋风悲画扇,0
丽丽元上草,0
华中科技大学,1
武汉理工大学,1
我在马路边捡到一分钱,1
何事秋风悲画扇,0
丽丽元上草,0
华中科技大学,1
武汉理工大学,1
我在马路边捡到一分钱,1
何事秋风悲画扇,0
丽丽元上草,0
华中科技大学,1
武汉理工大学,1
我在马路边捡到一分钱,1
何事秋风悲画扇,0
丽丽元上草,0
华中科技大学,1
武汉理工大学,1
我在马路边捡到一分钱,1
何事秋风悲画扇,0
丽丽元上草,0
华中科技大学,1
武汉理工大学,1
我在马路边捡到一分钱,1
何事秋风悲画扇,0
丽丽元上草,0
华中科技大学,1
武汉理工大学,1
我在马路边捡到一分钱,1
何事秋风悲画扇,0
丽丽元上草,0
华中科技大学,1
武汉理工大学,1
我在马路边捡到一分钱,1
何事秋风悲画扇,0
丽丽元上草,0
华中科技大学,1
武汉理工大学,1
我在马路边捡到一分钱,1
何事秋风悲画扇,0
丽丽元上草,0
华中科技大学,1
武汉理工大学,1
我在马路边捡到一分钱,1
何事秋风悲画扇,0
丽丽元上草,0
华中科技大学,1
武汉理工大学,1
我在马路边捡到一分钱,1
何事秋风悲画扇,0
丽丽元上草,0
华中科技大学,1
武汉理工大学,1
我在马路边捡到一分钱,1
何事秋风悲画扇,0
丽丽元上草,0
华中科技大学,1
武汉理工大学,1
我在马路边捡到一分钱,1
何事秋风悲画扇,0
丽丽元上草,0
华中科技大学,1
武汉理工大学,1
我在马路边捡到一分钱,1
何事秋风悲画扇,0
丽丽元上草,0
华中科技大学,1
武汉理工大学,1
我在马路边捡到一分钱,1
何事秋风悲画扇,0
丽丽元上草,0
华中科技大学,1
武汉理工大学,1
我在马路边捡到一分钱,1
何事秋风悲画扇,0
丽丽元上草,0
华中科技大学,1
武汉理工大学,1
我在马路边捡到一分钱,1
何事秋风悲画扇,0
丽丽元上草,0
华中科技大学,1
武汉理工大学,1
我在马路边捡到一分钱,1
何事秋风悲画扇,0
丽丽元上草,0
华中科技大学,1
武汉理工大学,1
我在马路边捡到一分钱,1
何事秋风悲画扇,0
丽丽元上草,0
华中科技大学,1
武汉理工大学,1
我在马路边捡到一分钱,1
何事秋风悲画扇,0
丽丽元上草,0
华中科技大学,1
武汉理工大学,1
我在马路边捡到一分钱,1
何事秋风悲画扇,0
丽丽元上草,0
华中科技大学,1
武汉理工大学,1
我在马路边捡到一分钱,1
何事秋风悲画扇,0
丽丽元上草,0
华中科技大学,1
武汉理工大学,1
我在马路边捡到一分钱,1
何事秋风悲画扇,0
丽丽元上草,0
华中科技大学,1
武汉理工大学,1
我在马路边捡到一分钱,1
何事秋风悲画扇,0
丽丽元上草,0
华中科技大学,1
武汉理工大学,1
我在马路边捡到一分钱,1
何事秋风悲画扇,0
丽丽元上草,0
华中科技大学,1
武汉理工大学,1
我在马路边捡到一分钱,1
何事秋风悲画扇,0
丽丽元上草,0
华中科技大学,1
武汉理工大学,1
我在马路边捡到一分钱,1
何事秋风悲画扇,0
丽丽元上草,0
华中科技大学,1
武汉理工大学,1
我在马路边捡到一分钱,1
何事秋风悲画扇,0
丽丽元上草,0
华中科技大学,1
武汉理工大学,1
我在马路边捡到一分钱,1
何事秋风悲画扇,0
丽丽元上草,0
华中科技大学,1
武汉理工大学,1
我在马路边捡到一分钱,1
何事秋风悲画扇,0
丽丽元上草,0
华中科技大学,1
武汉理工大学,1
我在马路边捡到一分钱,1
何事秋风悲画扇,0
丽丽元上草,0
华中科技大学,1
武汉理工大学,1
我在马路边捡到一分钱,1
何事秋风悲画扇,0
丽丽元上草,0
华中科技大学,1
武汉理工大学,1
我在马路边捡到一分钱,1
何事秋风悲画扇,0
丽丽元上草,0
华中科技大学,1
武汉理工大学,1
我在马路边捡到一分钱,1
何事秋风悲画扇,0
丽丽元上草,0
华中科技大学,1
武汉理工大学,1
我在马路边捡到一分钱,1
何事秋风悲画扇,0
丽丽元上草,0
华中科技大学,1
武汉理工大学,1
我在马路边捡到一分钱,1
何事秋风悲画扇,0
丽丽元上草,0
华中科技大学,1
武汉理工大学,1
我在马路边捡到一分钱,1
何事秋风悲画扇,0
丽丽元上草,0
华中科技大学,1
武汉理工大学,1
我在马路边捡到一分钱,1
何事秋风悲画扇,0
丽丽元上草,0
华中科技大学,1
武汉理工大学,1
我在马路边捡到一分钱,1
何事秋风悲画扇,0
丽丽元上草,0
华中科技大学,1
武汉理工大学,1
我在马路边捡到一分钱,1
何事秋风悲画扇,0
丽丽元上草,0
华中科技大学,1
武汉理工大学,1
我在马路边捡到一分钱,1
何事秋风悲画扇,0
丽丽元上草,0
华中科技大学,1
武汉理工大学,1
我在马路边捡到一分钱,1
何事秋风悲画扇,0
丽丽元上草,0
华中科技大学,1
武汉理工大学,1
我在马路边捡到一分钱,1
何事秋风悲画扇,0
丽丽元上草,0
华中科技大学,1
武汉理工大学,1
我在马路边捡到一分钱,1
何事秋风悲画扇,0
丽丽元上草,0
华中科技大学,1
武汉理工大学,1
我在马路边捡到一分钱,1
何事秋风悲画扇,0
丽丽元上草,0
华中科技大学,1
武汉理工大学,1
我在马路边捡到一分钱,1
何事秋风悲画扇,0
丽丽元上草,0
华中科技大学,1
武汉理工大学,1
我在马路边捡到一分钱,1
何事秋风悲画扇,0
丽丽元上草,0
华中科技大学,1
武汉理工大学,1
我在马路边捡到一分钱,1
何事秋风悲画扇,0
丽丽元上草,0
华中科技大学,1
武汉理工大学,1
我在马路边捡到一分钱,1
何事秋风悲画扇,0
丽丽元上草,0
华中科技大学,1
武汉理工大学,1
我在马路边捡到一分钱,1
何事秋风悲画扇,0
丽丽元上草,0
华中科技大学,1
武汉理工大学,1
我在马路边捡到一分钱,1
何事秋风悲画扇,0
丽丽元上草,0
华中科技大学,1
武汉理工大学,1
我在马路边捡到一分钱,1
何事秋风悲画扇,0
丽丽元上草,0
华中科技大学,1
武汉理工大学,1
我在马路边捡到一分钱,1
何事秋风悲画扇,0
丽丽元上草,0
华中科技大学,1
武汉理工大学,1
我在马路边捡到一分钱,1
何事秋风悲画扇,0
丽丽元上草,0
华中科技大学,1
武汉理工大学,1
我在马路边捡到一分钱,1
何事秋风悲画扇,0
丽丽元上草,0
华中科技大学,1
武汉理工大学,1
我在马路边捡到一分钱,1
何事秋风悲画扇,0
丽丽元上草,0
华中科技大学,1
武汉理工大学,1
我在马路边捡到一分钱,1
何事秋风悲画扇,0
丽丽元上草,0
华中科技大学,1
武汉理工大学,1
我在马路边捡到一分钱,1
何事秋风悲画扇,0
丽丽元上草,0
华中科技大学,1
武汉理工大学,1
我在马路边捡到一分钱,1
何事秋风悲画扇,0
丽丽元上草,0
华中科技大学,1
武汉理工大学,1
我在马路边捡到一分钱,1
何事秋风悲画扇,0
丽丽元上草,0
华中科技大学,1
武汉理工大学,1
我在马路边捡到一分钱,1
何事秋风悲画扇,0
丽丽元上草,0
华中科技大学,1
武汉理工大学,1
我在马路边捡到一分钱,1
何事秋风悲画扇,0
丽丽元上草,0
华中科技大学,1
武汉理工大学,1
我在马路边捡到一分钱,1
何事秋风悲画扇,0
丽丽元上草,0
华中科技大学,1
武汉理工大学,1
我在马路边捡到一分钱,1
何事秋风悲画扇,0
丽丽元上草,0
华中科技大学,1
武汉理工大学,1
我在马路边捡到一分钱,1
何事秋风悲画扇,0
丽丽元上草,0
华中科技大学,1
武汉理工大学,1
我在马路边捡到一分钱,1
何事秋风悲画扇,0
丽丽元上草,0
华中科技大学,1
武汉理工大学,1
我在马路边捡到一分钱,1
何事秋风悲画扇,0
丽丽元上草,0
华中科技大学,1
武汉理工大学,1
我在马路边捡到一分钱,1
何事秋风悲画扇,0
丽丽元上草,0
华中科技大学,1
武汉理工大学,1
我在马路边捡到一分钱,1
何事秋风悲画扇,0
丽丽元上草,0
华中科技大学,1
武汉理工大学,1
我在马路边捡到一分钱,1
何事秋风悲画扇,0
丽丽元上草,0
华中科技大学,1
武汉理工大学,1
我在马路边捡到一分钱,1
何事秋风悲画扇,0
丽丽元上草,0
华中科技大学,1
武汉理工大学,1
我在马路边捡到一分钱,1
何事秋风悲画扇,0
丽丽元上草,0
华中科技大学,1
武汉理工大学,1
我在马路边捡到一分钱,1
何事秋风悲画扇,0
丽丽元上草,0
华中科技大学,1
武汉理工大学,1
我在马路边捡到一分钱,1
何事秋风悲画扇,0
丽丽元上草,0
华中科技大学,1
武汉理工大学,1
我在马路边捡到一分钱,1
何事秋风悲画扇,0
丽丽元上草,0
华中科技大学,1
武汉理工大学,1
我在马路边捡到一分钱,1
何事秋风悲画扇,0
丽丽元上草,0
华中科技大学,1
武汉理工大学,1
我在马路边捡到一分钱,1
何事秋风悲画扇,0
丽丽元上草,0
华中科技大学,1
武汉理工大学,1
我在马路边捡到一分钱,1
何事秋风悲画扇,0
丽丽元上草,0
华中科技大学,1
武汉理工大学,1
我在马路边捡到一分钱,1
何事秋风悲画扇,0
丽丽元上草,0
华中科技大学,1
武汉理工大学,1
我在马路边捡到一分钱,1
何事秋风悲画扇,0
丽丽元上草,0
华中科技大学,1
武汉理工大学,1
我在马路边捡到一分钱,1
何事秋风悲画扇,0
丽丽元上草,0
华中科技大学,1
武汉理工大学,1
我在马路边捡到一分钱,1
何事秋风悲画扇,0
丽丽元上草,0
华中科技大学,1
武汉理工大学,1
我在马路边捡到一分钱,1
何事秋风悲画扇,0
丽丽元上草,0
华中科技大学,1
武汉理工大学,1
我在马路边捡到一分钱,1
何事秋风悲画扇,0
丽丽元上草,0
华中科技大学,1
武汉理工大学,1
我在马路边捡到一分钱,1
何事秋风悲画扇,0
丽丽元上草,0
华中科技大学,1
武汉理工大学,1
我在马路边捡到一分钱,1
何事秋风悲画扇,0
丽丽元上草,0
华中科技大学,1
武汉理工大学,1
我在马路边捡到一分钱,1
何事秋风悲画扇,0
丽丽元上草,0
华中科技大学,1
武汉理工大学,1
我在马路边捡到一分钱,1
何事秋风悲画扇,0
丽丽元上草,0
华中科技大学,1
武汉理工大学,1
我在马路边捡到一分钱,1
何事秋风悲画扇,0
丽丽元上草,0
华中科技大学,1
武汉理工大学,1
我在马路边捡到一分钱,1
何事秋风悲画扇,0
丽丽元上草,0
华中科技大学,1
武汉理工大学,1
我在马路边捡到一分钱,1
何事秋风悲画扇,0
丽丽元上草,0
华中科技大学,1
武汉理工大学,1
我在马路边捡到一分钱,1
何事秋风悲画扇,0
丽丽元上草,0
华中科技大学,1
武汉理工大学,1
我在马路边捡到一分钱,1
何事秋风悲画扇,0
丽丽元上草,0
华中科技大学,1
武汉理工大学,1
我在马路边捡到一分钱,1
何事秋风悲画扇,0
丽丽元上草,0
华中科技大学,1
武汉理工大学,1
我在马路边捡到一分钱,1
何事秋风悲画扇,0
丽丽元上草,0
华中科技大学,1
武汉理工大学,1
我在马路边捡到一分钱,1
何事秋风悲画扇,0
丽丽元上草,0
华中科技大学,1
武汉理工大学,1
我在马路边捡到一分钱,1
何事秋风悲画扇,0
丽丽元上草,0
华中科技大学,1
武汉理工大学,1
我在马路边捡到一分钱,1
何事秋风悲画扇,0
丽丽元上草,0
华中科技大学,1
武汉理工大学,1
我在马路边捡到一分钱,1
何事秋风悲画扇,0
丽丽元上草,0
华中科技大学,1
武汉理工大学,1
我在马路边捡到一分钱,1
何事秋风悲画扇,0
丽丽元上草,0
华中科技大学,1
武汉理工大学,1
我在马路边捡到一分钱,1
何事秋风悲画扇,0
丽丽元上草,0
华中科技大学,1
武汉理工大学,1
我在马路边捡到一分钱,1
何事秋风悲画扇,0
丽丽元上草,0
华中科技大学,1
武汉理工大学,1
我在马路边捡到一分钱,1
何事秋风悲画扇,0
丽丽元上草,0
华中科技大学,1
武汉理工大学,1
我在马路边捡到一分钱,1
何事秋风悲画扇,0
丽丽元上草,0
华中科技大学,1
武汉理工大学,1
我在马路边捡到一分钱,1
何事秋风悲画扇,0
丽丽元上草,0
华中科技大学,1
武汉理工大学,1
我在马路边捡到一分钱,1
何事秋风悲画扇,0
丽丽元上草,0
华中科技大学,1
武汉理工大学,1
我在马路边捡到一分钱,1
何事秋风悲画扇,0
丽丽元上草,0
华中科技大学,1
武汉理工大学,1
我在马路边捡到一分钱,1
何事秋风悲画扇,0
丽丽元上草,0
华中科技大学,1
武汉理工大学,1
我在马路边捡到一分钱,1
何事秋风悲画扇,0
丽丽元上草,0
华中科技大学,1
武汉理工大学,1
我在马路边捡到一分钱,1
何事秋风悲画扇,0
丽丽元上草,0
华中科技大学,1
武汉理工大学,1
我在马路边捡到一分钱,1
何事秋风悲画扇,0
丽丽元上草,0
华中科技大学,1
武汉理工大学,1
我在马路边捡到一分钱,1
何事秋风悲画扇,0
丽丽元上草,0
华中科技大学,1
武汉理工大学,1
我在马路边捡到一分钱,1
何事秋风悲画扇,0
丽丽元上草,0
华中科技大学,1
武汉理工大学,1
我在马路边捡到一分钱,1
何事秋风悲画扇,0
丽丽元上草,0
华中科技大学,1
武汉理工大学,1
我在马路边捡到一分钱,1
何事秋风悲画扇,0
丽丽元上草,0
华中科技大学,1
武汉理工大学,1
我在马路边捡到一分钱,1
何事秋风悲画扇,0
丽丽元上草,0
华中科技大学,1
武汉理工大学,1
我在马路边捡到一分钱,1
何事秋风悲画扇,0
丽丽元上草,0
华中科技大学,1
武汉理工大学,1
我在马路边捡到一分钱,1
何事秋风悲画扇,0
丽丽元上草,0
华中科技大学,1
武汉理工大学,1
我在马路边捡到一分钱,1
何事秋风悲画扇,0
丽丽元上草,0
华中科技大学,1
武汉理工大学,1
我在马路边捡到一分钱,1
何事秋风悲画扇,0
丽丽元上草,0
华中科技大学,1
武汉理工大学,1
我在马路边捡到一分钱,1
何事秋风悲画扇,0
丽丽元上草,0
华中科技大学,1
武汉理工大学,1
我在马路边捡到一分钱,1
何事秋风悲画扇,0
丽丽元上草,0
华中科技大学,1
武汉理工大学,1
我在马路边捡到一分钱,1
何事秋风悲画扇,0
丽丽元上草,0
华中科技大学,1
武汉理工大学,1
我在马路边捡到一分钱,1
何事秋风悲画扇,0
丽丽元上草,0
华中科技大学,1
武汉理工大学,1
我在马路边捡到一分钱,1
何事秋风悲画扇,0
丽丽元上草,0
华中科技大学,1
武汉理工大学,1
我在马路边捡到一分钱,1
何事秋风悲画扇,0
丽丽元上草,0
华中科技大学,1
武汉理工大学,1
我在马路边捡到一分钱,1
何事秋风悲画扇,0
丽丽元上草,0
华中科技大学,1
武汉理工大学,1
我在马路边捡到一分钱,1
何事秋风悲画扇,0
丽丽元上草,0
华中科技大学,1
武汉理工大学,1
我在马路边捡到一分钱,1
何事秋风悲画扇,0
丽丽元上草,0
华中科技大学,1
武汉理工大学,1
我在马路边捡到一分钱,1
何事秋风悲画扇,0
丽丽元上草,0
华中科技大学,1
武汉理工大学,1
我在马路边捡到一分钱,1
何事秋风悲画扇,0
丽丽元上草,0
华中科技大学,1
武汉理工大学,1
我在马路边捡到一分钱,1
何事秋风悲画扇,0
丽丽元上草,0
华中科技大学,1
武汉理工大学,1
我在马路边捡到一分钱,1
何事秋风悲画扇,0
丽丽元上草,0
华中科技大学,1
武汉理工大学,1
我在马路边捡到一分钱,1
何事秋风悲画扇,0
丽丽元上草,0
华中科技大学,1
武汉理工大学,1
我在马路边捡到一分钱,1
何事秋风悲画扇,0
丽丽元上草,0
华中科技大学,1
武汉理工大学,1
我在马路边捡到一分钱,1
何事秋风悲画扇,0
丽丽元上草,0
华中科技大学,1
武汉理工大学,1
我在马路边捡到一分钱,1
何事秋风悲画扇,0
丽丽元上草,0
华中科技大学,1
武汉理工大学,1
我在马路边捡到一分钱,1
何事秋风悲画扇,0
丽丽元上草,0
华中科技大学,1
武汉理工大学,1
我在马路边捡到一分钱,1
何事秋风悲画扇,0
丽丽元上草,0
华中科技大学,1
武汉理工大学,1
我在马路边捡到一分钱,1
何事秋风悲画扇,0
丽丽元上草,0
华中科技大学,1
武汉理工大学,1
我在马路边捡到一分钱,1
何事秋风悲画扇,0
丽丽元上草,0
华中科技大学,1
武汉理工大学,1
我在马路边捡到一分钱,1
何事秋风悲画扇,0
丽丽元上草,0
华中科技大学,1
武汉理工大学,1
我在马路边捡到一分钱,1
何事秋风悲画扇,0
丽丽元上草,0
华中科技大学,1
武汉理工大学,1
我在马路边捡到一分钱,1
何事秋风悲画扇,0
丽丽元上草,0
华中科技大学,1
武汉理工大学,1
我在马路边捡到一分钱,1
何事秋风悲画扇,0
丽丽元上草,0
华中科技大学,1
武汉理工大学,1
我在马路边捡到一分钱,1
何事秋风悲画扇,0
丽丽元上草,0
华中科技大学,1
武汉理工大学,1
我在马路边捡到一分钱,1
何事秋风悲画扇,0
丽丽元上草,0
华中科技大学,1
武汉理工大学,1
我在马路边捡到一分钱,1
何事秋风悲画扇,0
丽丽元上草,0
华中科技大学,1
武汉理工大学,1
我在马路边捡到一分钱,1
何事秋风悲画扇,0
丽丽元上草,0
华中科技大学,1
武汉理工大学,1
我在马路边捡到一分钱,1
何事秋风悲画扇,0
丽丽元上草,0
华中科技大学,1
武汉理工大学,1
我在马路边捡到一分钱,1
何事秋风悲画扇,0
丽丽元上草,0
华中科技大学,1
武汉理工大学,1
我在马路边捡到一分钱,1
何事秋风悲画扇,0
丽丽元上草,0
华中科技大学,1
武汉理工大学,1
我在马路边捡到一分钱,1
何事秋风悲画扇,0
丽丽元上草,0
华中科技大学,1
武汉理工大学,1
我在马路边捡到一分钱,1
何事秋风悲画扇,0
丽丽元上草,0
华中科技大学,1
武汉理工大学,1
我在马路边捡到一分钱,1
何事秋风悲画扇,0
丽丽元上草,0
华中科技大学,1
武汉理工大学,1
我在马路边捡到一分钱,1
何事秋风悲画扇,0
丽丽元上草,0
华中科技大学,1
武汉理工大学,1
我在马路边捡到一分钱,1
何事秋风悲画扇,0
丽丽元上草,0
华中科技大学,1
武汉理工大学,1
我在马路边捡到一分钱,1
何事秋风悲画扇,0
丽丽元上草,0
华中科技大学,1
武汉理工大学,1
我在马路边捡到一分钱,1
何事秋风悲画扇,0
丽丽元上草,0
华中科技大学,1
武汉理工大学,1
我在马路边捡到一分钱,1
何事秋风悲画扇,0
丽丽元上草,0
华中科技大学,1
武汉理工大学,1
我在马路边捡到一分钱,1
何事秋风悲画扇,0
丽丽元上草,0
华中科技大学,1
武汉理工大学,1
我在马路边捡到一分钱,1
何事秋风悲画扇,0
丽丽元上草,0
华中科技大学,1
武汉理工大学,1
我在马路边捡到一分钱,1
何事秋风悲画扇,0
丽丽元上草,0
华中科技大学,1
武汉理工大学,1
我在马路边捡到一分钱,1
何事秋风悲画扇,0
丽丽元上草,0
华中科技大学,1
武汉理工大学,1
我在马路边捡到一分钱,1
何事秋风悲画扇,0
丽丽元上草,0
华中科技大学,1
武汉理工大学,1
我在马路边捡到一分钱,1
何事秋风悲画扇,0
丽丽元上草,0
华中科技大学,1
武汉理工大学,1
我在马路边捡到一分钱,1
何事秋风悲画扇,0
丽丽元上草,0
华中科技大学,1
武汉理工大学,1
我在马路边捡到一分钱,1
何事秋风悲画扇,0
丽丽元上草,0
华中科技大学,1
武汉理工大学,1
我在马路边捡到一分钱,1
何事秋风悲画扇,0
丽丽元上草,0
华中科技大学,1
武汉理工大学,1
我在马路边捡到一分钱,1
何事秋风悲画扇,0
丽丽元上草,0
华中科技大学,1
武汉理工大学,1
我在马路边捡到一分钱,1
何事秋风悲画扇,0
丽丽元上草,0
华中科技大学,1
武汉理工大学,1
我在马路边捡到一分钱,1
何事秋风悲画扇,0
丽丽元上草,0
华中科技大学,1
武汉理工大学,1
我在马路边捡到一分钱,1
何事秋风悲画扇,0
丽丽元上草,0
华中科技大学,1
武汉理工大学,1
我在马路边捡到一分钱,1
何事秋风悲画扇,0
丽丽元上草,0
华中科技大学,1
武汉理工大学,1
我在马路边捡到一分钱,1
何事秋风悲画扇,0
丽丽元上草,0
华中科技大学,1
武汉理工大学,1
我在马路边捡到一分钱,1
何事秋风悲画扇,0
丽丽元上草,0
华中科技大学,1
武汉理工大学,1
我在马路边捡到一分钱,1
何事秋风悲画扇,0
丽丽元上草,0
华中科技大学,1
武汉理工大学,1
我在马路边捡到一分钱,1
何事秋风悲画扇,0
丽丽元上草,0
华中科技大学,1
武汉理工大学,1
我在马路边捡到一分钱,1
何事秋风悲画扇,0
丽丽元上草,0
华中科技大学,1
武汉理工大学,1
我在马路边捡到一分钱,1
何事秋风悲画扇,0
丽丽元上草,0
华中科技大学,1
武汉理工大学,1
我在马路边捡到一分钱,1
何事秋风悲画扇,0
丽丽元上草,0
华中科技大学,1
武汉理工大学,1
我在马路边捡到一分钱,1
何事秋风悲画扇,0
丽丽元上草,0
华中科技大学,1
武汉理工大学,1
我在马路边捡到一分钱,1
何事秋风悲画扇,0
丽丽元上草,0
华中科技大学,1
武汉理工大学,1
我在马路边捡到一分钱,1
何事秋风悲画扇,0
丽丽元上草,0
华中科技大学,1
武汉理工大学,1
我在马路边捡到一分钱,1
何事秋风悲画扇,0
丽丽元上草,0
华中科技大学,1
武汉理工大学,1
我在马路边捡到一分钱,1
何事秋风悲画扇,0
丽丽元上草,0
华中科技大学,1
武汉理工大学,1
我在马路边捡到一分钱,1
何事秋风悲画扇,0
丽丽元上草,0
华中科技大学,1
武汉理工大学,1
我在马路边捡到一分钱,1
何事秋风悲画扇,0
丽丽元上草,0
华中科技大学,1
武汉理工大学,1
我在马路边捡到一分钱,1
何事秋风悲画扇,0
丽丽元上草,0
华中科技大学,1
武汉理工大学,1
我在马路边捡到一分钱,1
何事秋风悲画扇,0
丽丽元上草,0
华中科技大学,1
武汉理工大学,1
我在马路边捡到一分钱,1
何事秋风悲画扇,0
丽丽元上草,0
华中科技大学,1
武汉理工大学,1
我在马路边捡到一分钱,1
何事秋风悲画扇,0
丽丽元上草,0
华中科技大学,1
武汉理工大学,1
我在马路边捡到一分钱,1
何事秋风悲画扇,0
丽丽元上草,0
华中科技大学,1
武汉理工大学,1
我在马路边捡到一分钱,1
何事秋风悲画扇,0
丽丽元上草,0
华中科技大学,1
武汉理工大学,1
我在马路边捡到一分钱,1
何事秋风悲画扇,0
丽丽元上草,0
华中科技大学,1
武汉理工大学,1
我在马路边捡到一分钱,1
何事秋风悲画扇,0
丽丽元上草,0
华中科技大学,1
武汉理工大学,1
我在马路边捡到一分钱,1
何事秋风悲画扇,0
丽丽元上草,0
华中科技大学,1
武汉理工大学,1
我在马路边捡到一分钱,1
何事秋风悲画扇,0
丽丽元上草,0
华中科技大学,1
武汉理工大学,1
我在马路边捡到一分钱,1
何事秋风悲画扇,0
丽丽元上草,0
华中科技大学,1
武汉理工大学,1
我在马路边捡到一分钱,1
何事秋风悲画扇,0
丽丽元上草,0
华中科技大学,1
武汉理工大学,1
我在马路边捡到一分钱,1
何事秋风悲画扇,0
丽丽元上草,0
华中科技大学,1
武汉理工大学,1
我在马路边捡到一分钱,1
何事秋风悲画扇,0
丽丽元上草,0
华中科技大学,1
武汉理工大学,1
我在马路边捡到一分钱,1
何事秋风悲画扇,0
丽丽元上草,0
华中科技大学,1
武汉理工大学,1
我在马路边捡到一分钱,1
何事秋风悲画扇,0
丽丽元上草,0
华中科技大学,1
武汉理工大学,1
我在马路边捡到一分钱,1
何事秋风悲画扇,0
丽丽元上草,0
华中科技大学,1
武汉理工大学,1
我在马路边捡到一分钱,1
何事秋风悲画扇,0
丽丽元上草,0
华中科技大学,1
武汉理工大学,1
我在马路边捡到一分钱,1
何事秋风悲画扇,0
丽丽元上草,0
华中科技大学,1
武汉理工大学,1
我在马路边捡到一分钱,1
何事秋风悲画扇,0
丽丽元上草,0
华中科技大学,1
武汉理工大学,1
我在马路边捡到一分钱,1
何事秋风悲画扇,0
丽丽元上草,0
华中科技大学,1
武汉理工大学,1
我在马路边捡到一分钱,1
何事秋风悲画扇,0
丽丽元上草,0
华中科技大学,1
武汉理工大学,1
我在马路边捡到一分钱,1
何事秋风悲画扇,0
丽丽元上草,0
华中科技大学,1
武汉理工大学,1
我在马路边捡到一分钱,1
何事秋风悲画扇,0
丽丽元上草,0
华中科技大学,1
武汉理工大学,1
我在马路边捡到一分钱,1
何事秋风悲画扇,0
丽丽元上草,0
华中科技大学,1
武汉理工大学,1
我在马路边捡到一分钱,1
何事秋风悲画扇,0
丽丽元上草,0
华中科技大学,1
武汉理工大学,1
我在马路边捡到一分钱,1
何事秋风悲画扇,0
丽丽元上草,0
华中科技大学,1
武汉理工大学,1
我在马路边捡到一分钱,1
何事秋风悲画扇,0
丽丽元上草,0
华中科技大学,1
武汉理工大学,1
我在马路边捡到一分钱,1
何事秋风悲画扇,0
丽丽元上草,0
华中科技大学,1
武汉理工大学,1
我在马路边捡到一分钱,1
何事秋风悲画扇,0
丽丽元上草,0
华中科技大学,1
武汉理工大学,1
我在马路边捡到一分钱,1
何事秋风悲画扇,0
丽丽元上草,0
华中科技大学,1
武汉理工大学,1
我在马路边捡到一分钱,1
何事秋风悲画扇,0
丽丽元上草,0
华中科技大学,1
武汉理工大学,1
我在马路边捡到一分钱,1
何事秋风悲画扇,0
丽丽元上草,0
华中科技大学,1
武汉理工大学,1
我在马路边捡到一分钱,1
何事秋风悲画扇,0
丽丽元上草,0
华中科技大学,1
武汉理工大学,1
我在马路边捡到一分钱,1
何事秋风悲画扇,0
丽丽元上草,0
华中科技大学,1
武汉理工大学,1
我在马路边捡到一分钱,1
何事秋风悲画扇,0
丽丽元上草,0
华中科技大学,1
武汉理工大学,1
我在马路边捡到一分钱,1
何事秋风悲画扇,0
丽丽元上草,0
华中科技大学,1
武汉理工大学,1
我在马路边捡到一分钱,1
何事秋风悲画扇,0
丽丽元上草,0
华中科技大学,1
武汉理工大学,1
我在马路边捡到一分钱,1
何事秋风悲画扇,0
丽丽元上草,0
华中科技大学,1
武汉理工大学,1
我在马路边捡到一分钱,1
何事秋风悲画扇,0
丽丽元上草,0
华中科技大学,1
武汉理工大学,1
我在马路边捡到一分钱,1
何事秋风悲画扇,0
丽丽元上草,0
华中科技大学,1
武汉理工大学,1
我在马路边捡到一分钱,1
何事秋风悲画扇,0
丽丽元上草,0
华中科技大学,1
武汉理工大学,1
我在马路边捡到一分钱,1
何事秋风悲画扇,0
丽丽元上草,0
华中科技大学,1
武汉理工大学,1
我在马路边捡到一分钱,1
何事秋风悲画扇,0
丽丽元上草,0
华中科技大学,1
武汉理工大学,1
我在马路边捡到一分钱,1
何事秋风悲画扇,0
丽丽元上草,0
华中科技大学,1
武汉理工大学,1
我在马路边捡到一分钱,1
何事秋风悲画扇,0
丽丽元上草,0
华中科技大学,1
武汉理工大学,1
我在马路边捡到一分钱,1
何事秋风悲画扇,0
丽丽元上草,0
华中科技大学,1
武汉理工大学,1
我在马路边捡到一分钱,1
何事秋风悲画扇,0
丽丽元上草,0
华中科技大学,1
武汉理工大学,1
我在马路边捡到一分钱,1
何事秋风悲画扇,0
丽丽元上草,0
华中科技大学,1
武汉理工大学,1
我在马路边捡到一分钱,1
何事秋风悲画扇,0
丽丽元上草,0
华中科技大学,1
武汉理工大学,1
我在马路边捡到一分钱,1
何事秋风悲画扇,0
丽丽元上草,0
华中科技大学,1
武汉理工大学,1
我在马路边捡到一分钱,1
何事秋风悲画扇,0
丽丽元上草,0
华中科技大学,1
武汉理工大学,1
我在马路边捡到一分钱,1
何事秋风悲画扇,0
丽丽元上草,0
华中科技大学,1
武汉理工大学,1
我在马路边捡到一分钱,1
何事秋风悲画扇,0
丽丽元上草,0
华中科技大学,1
武汉理工大学,1
我在马路边捡到一分钱,1
何事秋风悲画扇,0
丽丽元上草,0
华中科技大学,1
武汉理工大学,1
我在马路边捡到一分钱,1
何事秋风悲画扇,0
丽丽元上草,0
华中科技大学,1
武汉理工大学,1
我在马路边捡到一分钱,1
何事秋风悲画扇,0
丽丽元上草,0
华中科技大学,1
武汉理工大学,1
我在马路边捡到一分钱,1
何事秋风悲画扇,0
丽丽元上草,0
华中科技大学,1
武汉理工大学,1
我在马路边捡到一分钱,1
何事秋风悲画扇,0
丽丽元上草,0
华中科技大学,1
武汉理工大学,1
我在马路边捡到一分钱,1
何事秋风悲画扇,0
丽丽元上草,0
华中科技大学,1
武汉理工大学,1
我在马路边捡到一分钱,1
何事秋风悲画扇,0
丽丽元上草,0
华中科技大学,1
武汉理工大学,1
我在马路边捡到一分钱,1
何事秋风悲画扇,0
丽丽元上草,0
华中科技大学,1
武汉理工大学,1
我在马路边捡到一分钱,1
何事秋风悲画扇,0
丽丽元上草,0
华中科技大学,1
武汉理工大学,1
我在马路边捡到一分钱,1
何事秋风悲画扇,0
丽丽元上草,0
华中科技大学,1
武汉理工大学,1
我在马路边捡到一分钱,1
何事秋风悲画扇,0
丽丽元上草,0
华中科技大学,1
武汉理工大学,1
我在马路边捡到一分钱,1
何事秋风悲画扇,0
丽丽元上草,0
华中科技大学,1
武汉理工大学,1
我在马路边捡到一分钱,1
何事秋风悲画扇,0
丽丽元上草,0
华中科技大学,1
武汉理工大学,1
我在马路边捡到一分钱,1
何事秋风悲画扇,0
丽丽元上草,0
华中科技大学,1
武汉理工大学,1
我在马路边捡到一分钱,1
何事秋风悲画扇,0
丽丽元上草,0
华中科技大学,1
武汉理工大学,1
我在马路边捡到一分钱,1
何事秋风悲画扇,0
丽丽元上草,0
华中科技大学,1
武汉理工大学,1
我在马路边捡到一分钱,1
何事秋风悲画扇,0
丽丽元上草,0
华中科技大学,1
武汉理工大学,1
我在马路边捡到一分钱,1
何事秋风悲画扇,0
丽丽元上草,0
华中科技大学,1
武汉理工大学,1
我在马路边捡到一分钱,1
何事秋风悲画扇,0
丽丽元上草,0
华中科技大学,1
武汉理工大学,1
我在马路边捡到一分钱,1
何事秋风悲画扇,0
丽丽元上草,0
华中科技大学,1
武汉理工大学,1
我在马路边捡到一分钱,1
何事秋风悲画扇,0
丽丽元上草,0
华中科技大学,1
武汉理工大学,1
我在马路边捡到一分钱,1
何事秋风悲画扇,0
丽丽元上草,0
华中科技大学,1
武汉理工大学,1
我在马路边捡到一分钱,1
何事秋风悲画扇,0
丽丽元上草,0
华中科技大学,1
武汉理工大学,1
我在马路边捡到一分钱,1
何事秋风悲画扇,0
丽丽元上草,0
华中科技大学,1
武汉理工大学,1
我在马路边捡到一分钱,1
何事秋风悲画扇,0
丽丽元上草,0
华中科技大学,1
武汉理工大学,1
我在马路边捡到一分钱,1
何事秋风悲画扇,0
丽丽元上草,0
华中科技大学,1
武汉理工大学,1
我在马路边捡到一分钱,1
何事秋风悲画扇,0
丽丽元上草,0
华中科技大学,1
武汉理工大学,1
我在马路边捡到一分钱,1
何事秋风悲画扇,0
丽丽元上草,0
华中科技大学,1
武汉理工大学,1
我在马路边捡到一分钱,1
何事秋风悲画扇,0
丽丽元上草,0
华中科技大学,1
武汉理工大学,1
我在马路边捡到一分钱,1
何事秋风悲画扇,0
丽丽元上草,0
华中科技大学,1
武汉理工大学,1
我在马路边捡到一分钱,1
何事秋风悲画扇,0
丽丽元上草,0
华中科技大学,1
武汉理工大学,1
我在马路边捡到一分钱,1
何事秋风悲画扇,0
丽丽元上草,0
华中科技大学,1
武汉理工大学,1
我在马路边捡到一分钱,1
何事秋风悲画扇,0
丽丽元上草,0
华中科技大学,1
武汉理工大学,1
我在马路边捡到一分钱,1
何事秋风悲画扇,0
丽丽元上草,0
华中科技大学,1
武汉理工大学,1
我在马路边捡到一分钱,1
何事秋风悲画扇,0
丽丽元上草,0
华中科技大学,1
武汉理工大学,1
我在马路边捡到一分钱,1
何事秋风悲画扇,0
丽丽元上草,0
华中科技大学,1
武汉理工大学,1
我在马路边捡到一分钱,1
何事秋风悲画扇,0
丽丽元上草,0
华中科技大学,1
武汉理工大学,1
我在马路边捡到一分钱,1
何事秋风悲画扇,0
丽丽元上草,0
华中科技大学,1
武汉理工大学,1
我在马路边捡到一分钱,1
何事秋风悲画扇,0
丽丽元上草,0
华中科技大学,1
武汉理工大学,1
我在马路边捡到一分钱,1
何事秋风悲画扇,0
丽丽元上草,0
华中科技大学,1
武汉理工大学,1
我在马路边捡到一分钱,1
何事秋风悲画扇,0
丽丽元上草,0
华中科技大学,1
武汉理工大学,1
我在马路边捡到一分钱,1
何事秋风悲画扇,0
丽丽元上草,0
华中科技大学,1
武汉理工大学,1
我在马路边捡到一分钱,1
何事秋风悲画扇,0
丽丽元上草,0
华中科技大学,1
武汉理工大学,1
我在马路边捡到一分钱,1
何事秋风悲画扇,0
丽丽元上草,0
华中科技大学,1
武汉理工大学,1
我在马路边捡到一分钱,1
何事秋风悲画扇,0
丽丽元上草,0
华中科技大学,1
武汉理工大学,1
我在马路边捡到一分钱,1
何事秋风悲画扇,0
丽丽元上草,0
华中科技大学,1
武汉理工大学,1
我在马路边捡到一分钱,1
何事秋风悲画扇,0
丽丽元上草,0
华中科技大学,1
武汉理工大学,1
我在马路边捡到一分钱,1
何事秋风悲画扇,0
丽丽元上草,0
华中科技大学,1
武汉理工大学,1
我在马路边捡到一分钱,1
何事秋风悲画扇,0
丽丽元上草,0
华中科技大学,1
武汉理工大学,1
我在马路边捡到一分钱,1
何事秋风悲画扇,0
丽丽元上草,0
华中科技大学,1
武汉理工大学,1
我在马路边捡到一分钱,1
何事秋风悲画扇,0
丽丽元上草,0
华中科技大学,1
武汉理工大学,1
我在马路边捡到一分钱,1
何事秋风悲画扇,0
丽丽元上草,0
华中科技大学,1
武汉理工大学,1
我在马路边捡到一分钱,1
何事秋风悲画扇,0
丽丽元上草,0
华中科技大学,1
武汉理工大学,1
我在马路边捡到一分钱,1
何事秋风悲画扇,0
丽丽元上草,0
华中科技大学,1
武汉理工大学,1
我在马路边捡到一分钱,1
何事秋风悲画扇,0
丽丽元上草,0
华中科技大学,1
武汉理工大学,1
我在马路边捡到一分钱,1
何事秋风悲画扇,0
丽丽元上草,0
华中科技大学,1
武汉理工大学,1
我在马路边捡到一分钱,1
何事秋风悲画扇,0
丽丽元上草,0
华中科技大学,1
武汉理工大学,1
我在马路边捡到一分钱,1
何事秋风悲画扇,0
丽丽元上草,0
华中科技大学,1
武汉理工大学,1
我在马路边捡到一分钱,1
何事秋风悲画扇,0
丽丽元上草,0
华中科技大学,1
武汉理工大学,1
我在马路边捡到一分钱,1
何事秋风悲画扇,0
丽丽元上草,0
华中科技大学,1
武汉理工大学,1
我在马路边捡到一分钱,1
何事秋风悲画扇,0
丽丽元上草,0
华中科技大学,1
武汉理工大学,1
我在马路边捡到一分钱,1
何事秋风悲画扇,0
丽丽元上草,0
华中科技大学,1
武汉理工大学,1
我在马路边捡到一分钱,1
何事秋风悲画扇,0
丽丽元上草,0
华中科技大学,1
武汉理工大学,1
我在马路边捡到一分钱,1
何事秋风悲画扇,0
丽丽元上草,0
华中科技大学,1
武汉理工大学,1
我在马路边捡到一分钱,1
何事秋风悲画扇,0
丽丽元上草,0
华中科技大学,1
武汉理工大学,1
我在马路边捡到一分钱,1
何事秋风悲画扇,0
丽丽元上草,0
华中科技大学,1
武汉理工大学,1
我在马路边捡到一分钱,1
何事秋风悲画扇,0
丽丽元上草,0
华中科技大学,1
武汉理工大学,1
我在马路边捡到一分钱,1
何事秋风悲画扇,0
丽丽元上草,0
华中科技大学,1
武汉理工大学,1
我在马路边捡到一分钱,1
何事秋风悲画扇,0
丽丽元上草,0
华中科技大学,1
武汉理工大学,1
我在马路边捡到一分钱,1
何事秋风悲画扇,0
丽丽元上草,0
华中科技大学,1
武汉理工大学,1
我在马路边捡到一分钱,1
何事秋风悲画扇,0
丽丽元上草,0
华中科技大学,1
武汉理工大学,1
我在马路边捡到一分钱,1
何事秋风悲画扇,0
丽丽元上草,0
华中科技大学,1
武汉理工大学,1
我在马路边捡到一分钱,1
何事秋风悲画扇,0
丽丽元上草,0
华中科技大学,1
武汉理工大学,1
我在马路边捡到一分钱,1
何事秋风悲画扇,0
丽丽元上草,0
华中科技大学,1
武汉理工大学,1
我在马路边捡到一分钱,1
何事秋风悲画扇,0
丽丽元上草,0
华中科技大学,1
武汉理工大学,1
我在马路边捡到一分钱,1
何事秋风悲画扇,0
丽丽元上草,0
华中科技大学,1
武汉理工大学,1
我在马路边捡到一分钱,1
何事秋风悲画扇,0
丽丽元上草,0
华中科技大学,1
武汉理工大学,1
我在马路边捡到一分钱,1
何事秋风悲画扇,0
丽丽元上草,0
华中科技大学,1
武汉理工大学,1
我在马路边捡到一分钱,1
何事秋风悲画扇,0
丽丽元上草,0
华中科技大学,1
武汉理工大学,1
我在马路边捡到一分钱,1
何事秋风悲画扇,0
丽丽元上草,0
华中科技大学,1
武汉理工大学,1
我在马路边捡到一分钱,1
何事秋风悲画扇,0
丽丽元上草,0
华中科技大学,1
武汉理工大学,1
我在马路边捡到一分钱,1
何事秋风悲画扇,0
丽丽元上草,0
华中科技大学,1
武汉理工大学,1
我在马路边捡到一分钱,1
何事秋风悲画扇,0
丽丽元上草,0
华中科技大学,1
武汉理工大学,1
我在马路边捡到一分钱,1
何事秋风悲画扇,0
丽丽元上草,0
华中科技大学,1
武汉理工大学,1
我在马路边捡到一分钱,1
何事秋风悲画扇,0
丽丽元上草,0
华中科技大学,1
武汉理工大学,1
我在马路边捡到一分钱,1
何事秋风悲画扇,0
丽丽元上草,0
华中科技大学,1
武汉理工大学,1
我在马路边捡到一分钱,1
何事秋风悲画扇,0
丽丽元上草,0
华中科技大学,1
武汉理工大学,1
我在马路边捡到一分钱,1
何事秋风悲画扇,0
丽丽元上草,0
华中科技大学,1
武汉理工大学,1
我在马路边捡到一分钱,1
何事秋风悲画扇,0
丽丽元上草,0
华中科技大学,1
武汉理工大学,1
我在马路边捡到一分钱,1
何事秋风悲画扇,0
丽丽元上草,0
华中科技大学,1
武汉理工大学,1
我在马路边捡到一分钱,1
何事秋风悲画扇,0
丽丽元上草,0
华中科技大学,1
武汉理工大学,1
我在马路边捡到一分钱,1
何事秋风悲画扇,0
丽丽元上草,0
华中科技大学,1
武汉理工大学,1
我在马路边捡到一分钱,1
何事秋风悲画扇,0
丽丽元上草,0
华中科技大学,1
武汉理工大学,1
我在马路边捡到一分钱,1
何事秋风悲画扇,0
丽丽元上草,0
华中科技大学,1
武汉理工大学,1
我在马路边捡到一分钱,1
何事秋风悲画扇,0
丽丽元上草,0
华中科技大学,1
武汉理工大学,1
我在马路边捡到一分钱,1
何事秋风悲画扇,0
丽丽元上草,0
华中科技大学,1
武汉理工大学,1
我在马路边捡到一分钱,1
何事秋风悲画扇,0
丽丽元上草,0
华中科技大学,1
武汉理工大学,1
我在马路边捡到一分钱,1
何事秋风悲画扇,0
丽丽元上草,0
华中科技大学,1
武汉理工大学,1
我在马路边捡到一分钱,1
何事秋风悲画扇,0
丽丽元上草,0
华中科技大学,1
武汉理工大学,1
我在马路边捡到一分钱,1
何事秋风悲画扇,0
丽丽元上草,0
华中科技大学,1
武汉理工大学,1
我在马路边捡到一分钱,1
何事秋风悲画扇,0
丽丽元上草,0
华中科技大学,1
武汉理工大学,1
我在马路边捡到一分钱,1
何事秋风悲画扇,0
丽丽元上草,0
华中科技大学,1
武汉理工大学,1
我在马路边捡到一分钱,1
何事秋风悲画扇,0
丽丽元上草,0
华中科技大学,1
武汉理工大学,1
我在马路边捡到一分钱,1
何事秋风悲画扇,0
丽丽元上草,0
华中科技大学,1
武汉理工大学,1
我在马路边捡到一分钱,1
何事秋风悲画扇,0
丽丽元上草,0
华中科技大学,1
武汉理工大学,1
我在马路边捡到一分钱,1
何事秋风悲画扇,0
丽丽元上草,0
华中科技大学,1
武汉理工大学,1
我在马路边捡到一分钱,1
何事秋风悲画扇,0
丽丽元上草,0
华中科技大学,1
武汉理工大学,1
我在马路边捡到一分钱,1
何事秋风悲画扇,0
丽丽元上草,0
华中科技大学,1
武汉理工大学,1
我在马路边捡到一分钱,1
何事秋风悲画扇,0
丽丽元上草,0
华中科技大学,1
武汉理工大学,1
我在马路边捡到一分钱,1
何事秋风悲画扇,0
丽丽元上草,0
华中科技大学,1
武汉理工大学,1
我在马路边捡到一分钱,1
何事秋风悲画扇,0
丽丽元上草,0
华中科技大学,1
武汉理工大学,1
我在马路边捡到一分钱,1
何事秋风悲画扇,0
丽丽元上草,0
华中科技大学,1
武汉理工大学,1
我在马路边捡到一分钱,1
何事秋风悲画扇,0
丽丽元上草,0
华中科技大学,1
武汉理工大学,1
我在马路边捡到一分钱,1
何事秋风悲画扇,0
丽丽元上草,0
华中科技大学,1
武汉理工大学,1
我在马路边捡到一分钱,1
何事秋风悲画扇,0
丽丽元上草,0
华中科技大学,1
武汉理工大学,1
我在马路边捡到一分钱,1
何事秋风悲画扇,0
丽丽元上草,0
华中科技大学,1
武汉理工大学,1
我在马路边捡到一分钱,1
何事秋风悲画扇,0
丽丽元上草,0
华中科技大学,1
武汉理工大学,1
我在马路边捡到一分钱,1
何事秋风悲画扇,0
丽丽元上草,0
华中科技大学,1
武汉理工大学,1
我在马路边捡到一分钱,1
何事秋风悲画扇,0
丽丽元上草,0
华中科技大学,1
武汉理工大学,1
我在马路边捡到一分钱,1
何事秋风悲画扇,0
丽丽元上草,0
华中科技大学,1
武汉理工大学,1
我在马路边捡到一分钱,1
何事秋风悲画扇,0
丽丽元上草,0
华中科技大学,1
武汉理工大学,1
我在马路边捡到一分钱,1
何事秋风悲画扇,0
丽丽元上草,0
华中科技大学,1
武汉理工大学,1
我在马路边捡到一分钱,1
何事秋风悲画扇,0
丽丽元上草,0
华中科技大学,1
武汉理工大学,1
我在马路边捡到一分钱,1
何事秋风悲画扇,0
丽丽元上草,0
华中科技大学,1
武汉理工大学,1
我在马路边捡到一分钱,1
何事秋风悲画扇,0
丽丽元上草,0
华中科技大学,1
武汉理工大学,1
我在马路边捡到一分钱,1
何事秋风悲画扇,0
丽丽元上草,0
华中科技大学,1
武汉理工大学,1
我在马路边捡到一分钱,1
何事秋风悲画扇,0
丽丽元上草,0
华中科技大学,1
武汉理工大学,1
我在马路边捡到一分钱,1
何事秋风悲画扇,0
丽丽元上草,0
华中科技大学,1
武汉理工大学,1
我在马路边捡到一分钱,1
何事秋风悲画扇,0
丽丽元上草,0
华中科技大学,1
武汉理工大学,1
我在马路边捡到一分钱,1
何事秋风悲画扇,0
丽丽元上草,0
华中科技大学,1
武汉理工大学,1
我在马路边捡到一分钱,1
何事秋风悲画扇,0
丽丽元上草,0
华中科技大学,1
武汉理工大学,1
我在马路边捡到一分钱,1
何事秋风悲画扇,0
丽丽元上草,0
华中科技大学,1
武汉理工大学,1
我在马路边捡到一分钱,1
何事秋风悲画扇,0
丽丽元上草,0
华中科技大学,1
武汉理工大学,1
我在马路边捡到一分钱,1
何事秋风悲画扇,0
丽丽元上草,0
华中科技大学,1
武汉理工大学,1
我在马路边捡到一分钱,1
何事秋风悲画扇,0
丽丽元上草,0
华中科技大学,1
武汉理工大学,1
我在马路边捡到一分钱,1
何事秋风悲画扇,0
丽丽元上草,0
华中科技大学,1
武汉理工大学,1
我在马路边捡到一分钱,1
何事秋风悲画扇,0
丽丽元上草,0
华中科技大学,1
武汉理工大学,1
我在马路边捡到一分钱,1
何事秋风悲画扇,0
丽丽元上草,0
华中科技大学,1
武汉理工大学,1
我在马路边捡到一分钱,1
何事秋风悲画扇,0
丽丽元上草,0
华中科技大学,1
武汉理工大学,1
我在马路边捡到一分钱,1
何事秋风悲画扇,0
丽丽元上草,0
华中科技大学,1
武汉理工大学,1
我在马路边捡到一分钱,1
何事秋风悲画扇,0
丽丽元上草,0
华中科技大学,1
武汉理工大学,1
我在马路边捡到一分钱,1
何事秋风悲画扇,0
丽丽元上草,0
华中科技大学,1
武汉理工大学,1
我在马路边捡到一分钱,1
何事秋风悲画扇,0
丽丽元上草,0
华中科技大学,1
武汉理工大学,1
我在马路边捡到一分钱,1
何事秋风悲画扇,0
丽丽元上草,0
华中科技大学,1
武汉理工大学,1
我在马路边捡到一分钱,1
何事秋风悲画扇,0
丽丽元上草,0
华中科技大学,1
武汉理工大学,1
我在马路边捡到一分钱,1
何事秋风悲画扇,0
丽丽元上草,0
华中科技大学,1
武汉理工大学,1
我在马路边捡到一分钱,1
何事秋风悲画扇,0
丽丽元上草,0
华中科技大学,1
武汉理工大学,1
我在马路边捡到一分钱,1
何事秋风悲画扇,0
丽丽元上草,0
华中科技大学,1
武汉理工大学,1
我在马路边捡到一分钱,1
何事秋风悲画扇,0
丽丽元上草,0
华中科技大学,1
武汉理工大学,1
我在马路边捡到一分钱,1
何事秋风悲画扇,0
丽丽元上草,0
华中科技大学,1
武汉理工大学,1
我在马路边捡到一分钱,1
何事秋风悲画扇,0
丽丽元上草,0
华中科技大学,1
武汉理工大学,1
我在马路边捡到一分钱,1
何事秋风悲画扇,0
丽丽元上草,0
华中科技大学,1
武汉理工大学,1
我在马路边捡到一分钱,1
何事秋风悲画扇,0
丽丽元上草,0
华中科技大学,1
武汉理工大学,1
我在马路边捡到一分钱,1
何事秋风悲画扇,0
丽丽元上草,0
华中科技大学,1
武汉理工大学,1
我在马路边捡到一分钱,1
何事秋风悲画扇,0
丽丽元上草,0
华中科技大学,1
武汉理工大学,1
我在马路边捡到一分钱,1
何事秋风悲画扇,0
丽丽元上草,0
华中科技大学,1
武汉理工大学,1
我在马路边捡到一分钱,1
何事秋风悲画扇,0
丽丽元上草,0
华中科技大学,1
武汉理工大学,1
我在马路边捡到一分钱,1
何事秋风悲画扇,0
丽丽元上草,0
华中科技大学,1
武汉理工大学,1
我在马路边捡到一分钱,1
何事秋风悲画扇,0
丽丽元上草,0
华中科技大学,1
武汉理工大学,1
我在马路边捡到一分钱,1
何事秋风悲画扇,0
丽丽元上草,0
华中科技大学,1
武汉理工大学,1
我在马路边捡到一分钱,1
何事秋风悲画扇,0
丽丽元上草,0
华中科技大学,1
武汉理工大学,1
我在马路边捡到一分钱,1
何事秋风悲画扇,0
丽丽元上草,0
华中科技大学,1
武汉理工大学,1
我在马路边捡到一分钱,1
何事秋风悲画扇,0
丽丽元上草,0
华中科技大学,1
武汉理工大学,1
我在马路边捡到一分钱,1
何事秋风悲画扇,0
丽丽元上草,0
华中科技大学,1
武汉理工大学,1
我在马路边捡到一分钱,1
何事秋风悲画扇,0
丽丽元上草,0
华中科技大学,1
武汉理工大学,1
我在马路边捡到一分钱,1
何事秋风悲画扇,0
丽丽元上草,0
华中科技大学,1
武汉理工大学,1
我在马路边捡到一分钱,1
何事秋风悲画扇,0
丽丽元上草,0
华中科技大学,1
武汉理工大学,1
我在马路边捡到一分钱,1
何事秋风悲画扇,0
丽丽元上草,0
华中科技大学,1
武汉理工大学,1
